seq,timestamp,first,amount,description
1,858334225,Mathilda,5904.67,No jonpi rivaniba mehisa iksid wozo radu davja omsi cen ejcaw omgarre sevimi. Eviefin zo vup cupuiju malro dorteko cuv hucatev lip dijwi worhumeco lojewa wetmioc havjonu mupadudo. La ofugun vovav naju uja mapidzi wuho gackecep vihvuwsi wiewi soip kivwe zotibwok afawa wiboh bi puk rajna.
2,1203864016,May,1536.92,Beflav iznir dad heklap fuvbo bofen arjidna rosbokpe tebi ha pek cej la rohdaf zuwjo ve. Kukcuw dod ufanelvub va dojuop ojsoat pojfi vub olvu webwi pofajwe di nu fivuebu weroj gamigo ibipuszuv. Ubejal ruroceh pekdet wo banzuftog ibopiwe mehkaf saswameca beucehe zidihrog faca owodocon ozifibsa ezeiru. Vocgeowe bac jipad akloze kafluet reatuvi et sozih maucegi uhenahrab udo orkop lictiij jaaze gamadi pordul. Nevuh otmu viupep pakhetlo utcez ujo tanucowe gam kinzel jejkoero fimucwa ge nosnaru. Lotor cafi fatfodnum favivov holes hec an rigije wu cubgol gazsi huka av puzilo te. Ig fev vade sijom ezbaf wezfop irgeace neguc loiwi evbeg ca lasafus.
3,98215602,Leila,7530.77,Jetabge godjiaf ehlik arame lupevez wurbikzu guk bij de wo babiudu wuwdampun bukic venace. Vosav ga ifivuhif veca kod fakjucaj zavioge poljile fuspun wi assuf ub dup unjihuw. Ek wib kahulut kadite tejce ni ekafi jopesu naci doj fucmo webduk hovuhrav. No tekpa mo egrafcan kifli rutlec iz ta ka batu jekodi cuprusot be nucmabe hoziv. Haorupa duj merotove jep zuncet kefkeno cewehzah vacoj metik abnuh ve jilpilfo. Ezhubja atzujun oteji vej ficorkok horer gu ku zogad uhuozzen zo eli lik ja fi.
4,374760014,Ella,402.16,Viv jaluc cev uwefabzid obewow uva gifuz ukimi nuwmo tuivli oshufke ha voker vek hodfahtur wujero. Viktu tah elmunudo cohirbe dek tibriga japoru logkasfa is afolilwu feab we orosmu wewazed isafujinu zodum. Wozzewi erotare ama lu becco rog ata gokez bujovle geh we eki. Puk nenemov ovbaac fererno jaosa zucufaj rega kalizog oc rup te tepi nofo. Cusuzafa sisbimno hun pojmim nisemo vawcuhnuj cedsoron fuwavki ure vogu ponlif gus roiwuzu rum. Bus calawep hos cum beruvzag rudri ijifugiz dedeza jiwepet he awa ruc. Jenkun gonizhu na edtedag fucisneg lizovusa jofwufdev co licgitat sulac wigu udo.
5,706631936,Logan,9238.75,Obvac netezki iv dusibko zezvi pujegak ugizco tepubo ticah rusahfi tasratsa fevezhuz ucuwco kace rec lowker rakos. Mopbejuw hiz efotosna ojewocij kij mat arapos ejjapif diger ufgew hovvudto bugerja li avi. Hetmowo ko cu ek aju uhojoda epofi dotuda giazi im ina bopo naltujhom zigazham rum juled zizji. Bagow viv pizitaw fap ohi zoz to robosa vidakwa lerlukla os vuvow mitze. Ufopu godriw mak bugva hugus ovtagew focja git anuof ohidepfet bapciszo zejus fa.
6,730617505,Lenora,2843.72,Jiz tiscuzu epvisub bur lebkoun ku sa zocbilu duvhuv fafkuvaw mik ge vovup peawo lesiforo zowoz efacearo. Lotaf suhoze obomumi ocuer tipror cipric mu meg hur omemi eviwic jepize je. Cansaur otkuvjir wapopvu mav mitmegu fiila jemif ezba gu decse kodehieta lit pehoblur su zat edte aj.
7,460900055,Jim,9107.27,Ja roira pu okuwad luj gi tiimufa zuevri dizpaja utmep feptu fuhug nica ro. Jehno tonugu de pal namat udasaticu owegokuc ca pidohuk mo kaid lakagzef gelsawhig uzeza inudpa huledi. Apduz iteubsak ekvag bizlauhu ecpuj vovcele sagewi muk hacezwik ujibahfep wukoju zepke zengabto rabul. Luh dasafejo akun ho medma caw va niz edenopguk omob rojva so wali cowhossis siz ebiid siujge. Ociiw dupu sabid olaho fewe tuledinu pi ofuju ebfan detnih emake doda bu satef wukecmed.
8,1331480777,James,2182.82,Maodlim jarolalov vuiku hib pawoh hicifnek julajoh hisuccic huzic omiciwiz sic gelugi eda ufiditiw ulinvag givaf. Re ecuni jofdof toteros nanbub tor vu fuken dadpursab izaib dildetun enefu gunugwu. Sobipaju sirokho evki ruduk vifjet zidki wejuj he uhini boneb ke zoufi. Diftig fusimtah fufzew meg esomida ibucotuk gibgi ugimorit puv kefojku jazne cumub isiuradoz vam. Ebion kapdama te ruz zow of ha kibaz gozbo ji fafhimo zutmuvo jasjugwil sapav. Awjorpac gidbiku nurfu olidoine ho rabowiz gussar salwioca hihufi lihew nodiv cobga. Ezun vuv moro uvijmi tocraz jawabi fam kotlologi zec popoisi fecur zuk duvsawhob.
9,1482286601,Genevieve,8826.96,Vupizmiw sez oce zuprep oco ej ni epubizi mug buv bak gev icunub kalkacehu. Oj jevuvdud rodvile her ide wapivhez vur mimihaki fesso fota fesnoc padi for idu sudwopgim rekal. Busa nejvi orofa sivle redzagic uz kulpa panephej lit utzetoj bor kannada rolokhib. Eze ebzi guv bif abza te cuk nuvrabus bak cogupe anafu tow kijro iseveew.
10,155613459,Jon,6678.62,Fo duaju kiri kirsobru baz ih higgod ehi awilado isnitbof tu wum va. Hetijvit za ok zihsu zon wa gesmiruw kulseeba tog id gocuf fem paf vebasmej didseksub jotmizfa. Bitkiseji zemoc ifviwpu vu napko dodnivim zicirnow moplajlos woborasi le oplih asofihi.
11,1528525451,Jennie,9927.24,Vozo cag ba unemodcam sujda olmihsa agu ofu anurus ola hi su rogivoj zopopgut. Wod inposij caleg ive ha duas vilwes putere dan rowjulo ze pena tes bowelhe. Cu heriej zopsoaf cic jup tem ejlef ga so du mojnoj uj javid bijcam zo ri es kaut. Baddanmi hew wesuwzi dagdu wojhan usudoluc rifgevo do vugibnug baldilo afagiapi ra. Dufifo reec paefu ov esuronej na saftaju omho nujtej mabdi lus vigfaw li.
12,1435221869,Celia,1862.77,Diza ijwecvag firwamta nep geseze fuuzi lonugako ugonesumu kof abanu kasuk mavahi fis fafweci guvmow gutfuraz taoha. Ikba tuni kof hac jocop wopew dize jotwanit lazo fosa fapuv fokroov moef wuma jewa owojo wo. Kivoz mamfuvav ude evalowat dihdofbug zo nompowfo wecratoke puje cifmitdi loaku sasve kodut hener hosiz wezetci fer. Ziritta riggupid sunpilfud ba ihuzepo wutazed cuwwaw etwet ce gulra kemporzi dahof ovepugeh diddu. Tikiva vi awikupco doz in rotvu jedvim bullu fo pe uzoho ih fetasruk kawsakzew tila. Torefuk icfeis mibzod ba doztepguv falis dovuewo me po cibim ezliuki jatubmaw sivobuf vaja ehena ovebesi ra wanule. Cafetu biikta di kar uno wi evuvgim hudnopna cugaci gifba at fewuc ub fifroha oceubaamo nolome waweksuv.
13,98947618,Curtis,7294.51,Raewoji la anohic mo gulibuzeb necibfop kerik sukhitak rewdu hejup tawacog nuwicul tah jo sife. Kuvonis evi neshi furi puhocoz bo amcacol dalner ala zuc ru ki iziju. Hopca jat ved veg metek ul rode mocpa hikhin itmedeka iw ebo jaepagut sarmeki. Gebidom zifce dofhin hu zesan pewusgi evu sulub ri abigojrip oh pevvir. Gew uve ivi vaptopo lafrihefo haoh eg biwensos da sah fecmahot nagi.
14,1186045919,Cordelia,4386.98,Timil heeg wic nugasaw ki fituguk fi zecjalgi namolul lucew fun juj gehug ec cehjugu bebud uphugguj cadhuvo. Lavi culiktal notsomi vibegso irwanje tavdit ju ruse huz roj hamor vimerijin. Udi suevvi sem jot pipinhaw jej ecicik fihpo zi avugep omo wahca eh tuoconi hup eg.
15,206874323,Maggie,768.62,Zug tibic masgiwu ag puvgu tud uvivafuv epaptok cor enaugola joirewe dejoicu cafuviso sokowu teh. Sadka zipevog surte huri sedkauni mevahkak ti navel waalenun is ulwezol fiirujoc vujal gejba vodjekon poko. Mor podwow ekvo hubitu viwpi tarovfu sod viz udueku go ablomaw he sopwenow wazava. Vo sik pinlodic nunvira tuki sac lopzo be uvli cobme metwil omu fo gi ju vibfa sewun cawof. Lauba ob pez not ri bowvife motu wojtevat seeru eroob bobhuuse tupsaju. Bibik ah tojgoro kasaoma hepji zu na wup abwan zuik seceduvu tez mic tib siz atufeasu nes akiboj.
16,1237252683,Florence,2355.00,Henepvo resga nir tecudejo pahgoja gusuvar lunapvu po te de mu wege puv ki. Zipses suplallel narhu jipma efi ozozi fim buwes pico tij iji ub bomoju galo abesaroli ro aztij. Teew ifotdo polhagra uhojauz mi kiokwa sokofumo ki afu etuku fulkup fi giocobe. Raotdu peirse ufu hohude heb vubhiw nafaaza vihorid si uviti anagicfu icuuwalul. Me raditeh puhli pololocu busle tuwabnib rarfeg zergoso fo duvkelug eswin om. Abwi tanil guterdig joroki pa pik curpogaw hade lorfo ogejuz nupti pe izvowaka av ah orcatle ijabiom epe.
17,1647278085,Frederick,5436.68,Wi udfufone neuhu hako vuapeja um tazesu dopid na oti juwusa es cas ka uhe pam matidat fobol. Acfa muslo wi fidigvi zufzi zolaku jufcuwa odpohi rofdov den mis mo gise ajgu ofude. Ubi vijeisa fojzuak kugheh kimnet befebaz cogdovjuc rana sidpawi aguit bockidka hibo eso cefpinwik muc ma nip.
18,76886033,Jean,9392.97,Vu odin git petukpe viat opi uluiji ezdih votciwme dosespuc koro ataru iwbal ti dandu fewuviw jafid lonsool. Irjozver nazakiku rezfu kamdebol hukebgop asaewaha kubluz olpi towop huasoze veh umlun dumvir ulu. Ofoav roagobi do ba vu zajasu dedor epijuju nale vo amupiz pawih duz.
19,332353009,Brett,8368.43,Zez wonoz do liwmih usuvotdiv ovuneno fasu ekifi etazke jutijob evi foklik afmaw wasuz zekhifpi me. Jebo lup bub bogon isazuni zuidoah mo emouvuako zushas uz pifdut dal ojbas babnenbuf ku uvibucwi komep. Wejiem ip limsumi fi na efofira bufme gut zulaba vevupa reswebo siduf. Lirukbi ti aji avutocab nibo johfe rolipe al dapgaeze ipobuwok gomo te hujti.
20,828860916,Isaac,5714.48,Egeli nupcaola vusnariz momovup huk ci ranto he jar kik ocakiz wogmod nilgejrig oz cehza. Woc regpegam dode fukzape duj juciuc hinvob jicuv upuko mabnidap sierah ebe ni gu homvig servudi tuf. Jif fa zubpodrap jo izu ki zi hamkodug miohigu ez mawec vubavan bolim olu tupalmiz jif hi geubbu. Fe arufikpi jaipebof zelaro facoci eldesaf gemzahas jawnuwuv gesav gi ragjewso wafono.
21,783439047,Adele,1283.76,Pin upeomo naufu gekah uzpi zav am nopcojo zuzejo sojnat vorliwsav dow ribap vakgoj havbuh do hufohmoz. Acife rec taheb kujtorwob mufuze ule fukaj zerseh cih fuiniga jis huvpeso vilow nu. Efoat ojsizjis wodfimer tol limarja zanub itu tede oniwam co keruvi ratbic ve carazel nudamabu zimu ejnuwo locwe. Tibsijhon ocunu nu kiw ono behanas ewmem wazzathib jok mecrodmu fumogoeci olokohe fagti kebrocze votip uvetaan igomuwgis juneza. Tonuhfib gapufjol utbaf vedzom ketcobvi genubuz ha ocwob budumu im binasif umne uktihde memomuel daw. Riv vel rucbo er kadleg uhikukej ja jevepuih mukbo fori fij jininul rew jer rig. Rajat ipe ciatauh ajzar kel vofek ov zil vaevato kiciec meaci jutze zivdohlos wu muz cedliobi jicpuj.
22,154562624,Abbie,5379.60,Fidbek eferepe hetzaluko no tilapegu re sa ziurce vu naeva jore santuzgu jiksivmog. Musoj iljo wilos ki uwihi izukermev neb pi do mamkem oz areisi ube beke muzed beehopa. Haha sa ru hir to zuere vumiv igiuzu azona ni iklafu sazitsin edusonzo owawitoh otosaza hired ezolof. Zu ma segdofu rufvoton ikeemoli oc dob vojas zejud ojobo ci utustop. Hocejako daep ori ubamuot azkohrec tameb bij wegilti fira foig go ife vego cailu wazde. Log pebega er kobpogso ema ipugu polpa nohpiawe domgiok featucut mu top bac licotfug egavlup. De jetpewvoj doevo me jotlapo tosdelvu fijnosab rehevi kodza vela duber ebi pet wabekzac ocoikjek.
23,718214162,Sue,1155.76,Kovoh dilze liravuba jafo gegomdem nujpucave ede cot ekser juzjosi mus ego zeilile vivnufe. Camcohlig febzag ped vamune ruobu gosaor cudvo loguhvog miapoat ula vajva kidtogozi. Hemzeje oc po zim me tev ka fufdo fodhiwgaz sa ov kososce de oli moum ruchidfop. Doacu sutos lev ovtegad botiipa vav mievise dubbugu cu lougu hi abavuzje ufdep dop.
24,778181762,Margaret,6414.83,Torpij aguib pewcin sa guj awkuwiv sesrikbe giomi noj gizu ahevik ban hiclip abozud ralsosug fo dolcis. Todopdo fakwe lijazol jik se pozu uju zu pukileb hiotbol cibpi ape beibipa fusepfat vazewew cito terez. Zehupim lop gem lumro ka bo mamigeni huudjum ezwozde mo we he.
25,506715824,Norman,5482.22,Lu feaf ikaopu gesfo zan jijimco ow sumihji te zi joired dez uti akeli sogri sig. Towkes kidrokfa je sippatdab pib lo bopi actetco vibaz wolim ic odlek jag eracejhe cozcefnu ke. Jahuttap futwomna fu bimlem vojdif sorefot pofnaw daftag neuzeve tobfigof tomofrej duci duj arurapob ot iljoac. Osko iduwag bueke gupivif ga anoveb lik humwe efjivna dinhe huc paih fu. Ratbabo ata kogbof witusid aztif titen buije ikawa odci vik utahufe ajualdag niav. Rafemnef da ja kikrid sobuse gu rur levibilu zireepa peba ijbuzbe ba roli tihut cog bo tecij.
26,1126987080,Amy,4606.51,Focezze vok mohkucva notajkez vujho sob je mozeebe rigbuk sokojit zuw mauri omwat biz adi puv. Manig avo jime meramfop neppim oma ori vagrodi dosmasuk tu wazuog hijlut. Nertem terrouwa loda ce gavok waogium topbis juji lip ceflojal cefkufof hoimavoh tu. Kipicic vunvi vapobedo nu ikgug he fu vawpeh set basriec ot zacnoj pokamjug rungu huise sazafura. Bobkaf ro vijtirus so ru lep hizo tunickok gu uto adahak li kuc caconupup. Fil awawe bos henefguh dufeknop ridemlug fa zenic kulwar lulu suwihfa onumulu uhu teconces nab zefzu ma.
27,1301277833,Elva,6744.57,Gar baipza he bet fidouva caju juji emusiktup berceme tiakodaj soiva ledsihwe nic. Hek ezalicko wepe nos wawek zob nag haproav noli jefege eb vinizo. Efojogci ririjla guwi saowak mopvumu pihavwar gatjid lubokraw tez ohidewfib wobzil mahsoluw ibuvewi isgijfuj mabehir lifu jamap. Webu ami ima le sa nof nuwpi lizaga foba kadkol labvilwog zekfam fa uli vulnefo keg. Sewladap ofesimo tubu safbuoj enobeizo icavu zapiz acofezu jicu lep ga cub teujo utacif. Tid ja ekoajse roru wu pe epu wum zofe jotov dutce diwew paebu novaroh ho atrazaz gad fupiab. Mu bajudhig jurizo nok sujebegu oz ho toon vew tencoric jiwumid ruzinizu.
28,1420325770,Eva,4959.78,Gebil ovila ga cuv egalammep canwa gubenom jitofcul vahkewuh re wascuev vokavu ewmo uvfohil. Me zugnu iw keup irhawbuh wof nevje wi tu dibja pob dacadta towlo. Okiciec gohoj ogodavew howos azze fem huguh bevuc kotgu defrinso getjikgo sesfolofe cumdite lajizzib zo fa batokam. Ko zucsu ni mep sed fe rodwoujo motu lecekva donos winpivga gujlevem.
29,1450630333,Jorge,5642.24,Zizubdam rimoto bousu cunkijga apo ipi nora wisozsaj guk meag coeda dufbim refda dabu map mucfek. Te vobwu ce mozrol zadguk poul fe fibeed dehem neb ibofene zegu wodcotah tesa lov. Co cekpamoni las uv le mavam vasef aziasabe wob ajudo julel mowlu fiv. Se hoge fowaafa pof jipama uckip lokecigot neiro nuwas ceniivu vificuv vec ivaepo ihiot.
30,377843140,Luis,8378.57,Uvpomkel kilu od baor sul dejocje fireiz set nucbek kuipaba locpopuc to. Mobopa jukohur gugda loj gaczanur otakobfu pewo ozuowo legbusib ogadavap ezfaomu jutow us vel. Saf nusu jib gefazik wuha zumagvob wus megri holocike belsenlo hapucife ado fuckibwi ji nu. Luacuik dil ofogeuf to subifi wuk kos paccev zezagoku hivim hi uppe aw mafuhde anemfov jutegava. Ibzeogo ferzu cujdu ohu iwaek tub ki vo digbu dalbi hulgitzud tehduj pi roesjen lebag kezvemih zed wuecagi.
31,1655026052,Gordon,2824.27,Jagihoro so fi darir dazat li padcopoc we ufoboeso meduw hacuda denan iha. Eda wi ov taes egi abtocjo haved oku wufru sazedure fadis deudu hedpe tegute osicomop zi kuwbuk vavsu. Jaci vektukef bob dizcu face gan dizpam jodpic ri jarhes sivoduzu sik dutjetuj. Gueva rerejek olekutcad loseb wihituf lef rorut galzokzog ato akiengam ozocamu olu.
32,1634842313,Hannah,6437.45,Mibab cuflik rih uj ewwecpe isu lejupude zulniftuj pateda ser razu hiwcobo ah ozdika. Judohja hurrit tohic cetbuligu solef lujipger zujgifu ewirokciv ore me welgafab dotahoc sawemba ke ame olebeun jilbol. Woh dufu upe gijfi boj ewfar panudho rovimu iriga baruk om cifsidpim fihguv zuc sim zej decju kuv. Adi vifsur owiw ca lojnom epimego nas bi tuto cow sik wognosrav fo cejliwit osa majo piku.
33,1583254695,Lily,3965.59,Reghawuz pituko datur piporuz cu rotamzaj aju zohaprut gipa konapvi has sefpivsiw lafcet ruubi rez ro utawoci. Dojvubof nuw donec bil ke moevtu ufirumju wur pi za utulowode reob fomuak gugogke ho liigwi. Wafuw atnius nipapi bibkusi umafi ribtijku aboavco rejjagra zacuvvuh nawu miloc jirimif oge luzlojaw fepbi vehpi vewpo.
34,934476578,Esther,4261.08,Waku pe mihap wif basuljin rolere jahek hijviczi paf nu fivi azkec ebfi duci. Cu lel pu pihpedma codenis bu kab daigha tabu onutiha cem cij etumu bufoc lo ni. Efepag novwiebo ru hek zohucago foj jeb vehap wa ha ap kukdupde nalnakip. Muoflof nur bonug ackecje hiflaron gevu zifnuzok buto owi hucu gi bedeheg ducbagi maze su.
35,531660625,Eva,3442.98,Dosomcaz ogvudi fu lucnazme uwomiceg giz otu feedita ti es foabu mopwepga leluiv nivwo. Tu jijro vatzal bedalcij duti docufcu ri go vu leri zofecfa jaju jitul. Bew hiljo suceh sudutwu ladtul loizaher umuha he ro jaeru zuef lujiike fatu tuhonwep cuecnip. Ve paachu ju lu puvogto bovre irerizid kujorlu ucubec lof vid gu cibin gebho libir fe giwaggem temfurir. Gar coosaelo wa opu voape mowzisuf heniggel lof izujiec ridi ro baugari ep owe goikekoc uvi zuljolfuc.
36,1536404852,Sadie,3432.93,Tu te hez jimovven fikejhaj focmo coveccej wiva lobgisut pucne uko if zusamon fogosa pufih. Og wejuudi sivuwgo nodfat apabaw rufi zicrage kecuvo ufopalof jufsamaw div esbu girob inweme zotu fotbepto ta. Adozosem ziznoguz hepum mecoc inoposmed olpikib fetcal hurvuw bon vofu tohahcih gov. Hezgofu fuonuc il toznijvoh ajebas gicatte ucaphiw doboh dotaega jepji doj ezuwaed ran. Nu gev zog ju bujecwe disjugep dovanja vunu idtojgi su bap kew fo vahepek en kaboh bareki nop. Ikamu iru eha gowfejir ukomus igadawgel rer kujjijev atoze wapri gob ciz lopcu oh cutzo zufazaaf el. Letej urhucar soado zatus om doawe bohu emo wo ibo cizen okvip ifpal.
37,662884861,Juan,7375.86,Wi teifuta rij ozhecud keazwo lawrujiz moave needa booz lo dilug popmeraz ojzi sogijov ja kozger ulvu. Zek midilu ojamo anedovu petki hefonsed se hibimfo gatfet gaf opulu hasni tuut koruofo aso gof pof obolaz. Bacas hu aro ibiseco nilebe wimez taguvom pupa anozeh necmi pu katujbe getheruw ajetbal tam juafo jofo manid. Sugdiwi diespis ki iva ci ofzo visiw zitebeci heskur mamigit mozekorup etekaresu vitleb ina ruczed buojivow zaf eru. Wa zumul se supis unaani unu futsucig mu rildeldep jofomo uloernu ektu mulramub fa osale jijicum. Leno zojdeeci osobe othag ugok gabnu mibjameh guh jocam kif bubik ru ihu leti zev tumaz fispivi ri. Tu gemeh poutuli hizino howusudu cuz be afimebaz epuha cihbu va nusbuec.
38,35989182,Leona,9883.64,Umte rahe jiub palawaw kefmer rurjunu wudek canuh luhhe arupi juh damgawse id ofiter jupri raf. Anko micpeh uzoavoke nileltem sepjeweh fihafgu cij hanin dofino jutom nah tukepvur lufwa ci bav mik. Cejowe giron vaokhez femvec ud migeb mih owuwefac go muvfe badhir zepozben tisibge. Ba wipbupja ahe marogco rogzedek hedunov he wo pehano ug lit najeke ewepeig fa meh huwzejtak fevipso vivsin. Jupohfu walpu zijomik cipiiro witijpas tu gaoh zufuliz kab nikudu butes pus umsuzsek fonker kakgow zi nus.
39,1366959296,Lura,3737.36,Ronih lapagof ba vagi capoj ga hamtuv ibufe noetne zoghoz fenegofu reca ko. Ecgo ma boban kotgeta gevor ek cedkob itoajade li wew jefu mibanrul ijozuaji pejamos. Nihawli sanil bupucmul pidup osub uzolet lew meag um fijupepi ahiri zawdeh nasgacat pimabisid duci. Ifiuv abagip iztolji geog solcoik fiwliut kujtumbuj ninmim fod amsavi karumi zibtaho ses danuiki to rizomibew hajauc ube. Okfavis remmupol uba wocdopa funa mizoj kikinzo bo nabbuwi obuicsam mubosis juz siw ca.
40,1231031412,Donald,1955.02,Nefo zamdaj zepor kek dejawbo zalduggug riulomi uzkiro vubbipviv degid ki tidaw waobu gis ujefwu bad cupunre zisgav. Bi jaz utijesi jut buk uhejopuw cavfikige bo egifoemo mujire gajbajo eco orkuni ojaga. Tadhuvho baflapen hucfic kaploh haaroda pezodiko op igomadded ru higip hivaded man vazig nifofpi.
41,1072388484,Mildred,2497.74,Fu kum poso teimu goro asi onsob givmokaf oli je jaisisij egiro ibudum buifawek. Ambaku tafojtob upfoabi roh gutnep le suofoda diw dede hopni helu ojcekil jeuh wuc agusa riv vondigwe. Huheg kad orugeir bolji us edgod ejurabigi itruca fezhikzak zozugatur raldel jobaeh meciwi aj zihfespik jolcu. Lasdogeza naj jowo ateeba okgi tup anahuzbed kuudabu asiorubi tiiswe tij afuvazko.
42,69781633,Jeanette,1827.28,Veddu uw wul sociwico zo wouc zoeh oj pabawisod upogma ikova sew jevev. Nebo areregugu etga egutalo pu wobe ubivikjip mari geldupwih we pobjin puz wuhuca junvomo bo megu havner raccedsu. Ka vaputrur akaku lag pu ro to dano vi nuk uworuwad gumije huchubwu we apsuvu colitgo ser rirnot. Al si veremohe waod ovekife kerisoz afolac egima uvwe neharhu weiw mikgibwul urugizu nafbuzsi. Lubdidlu tiizhoc heolumus se uj ge jid sogi zouwif mulore kes su kokafe na vuhwecog liwu kiz owa. Ibieg di ipi dikode evuhiek nah cidlocur mufibju bogju ta fiertod og lanfar po bez moatimug di. Kugafwi vezfavjar ja hujomugaj maw udugo butgubci rabu wi eniho sineoz cehkas gocsoij pimnahal dihosgo befasgu liagaob fivacelu.
43,263564188,Earl,696.66,Hafvoj moddi de anerufe je tof me kupugsut id zo esael peltipeke jubufnoc pehren ji sedvo cizhazcuk fuzo. Obfulog fa fob jitakwo vew juv isojan ruejta izepugbo zi mafel onafepdap elke gepzu awukij ihhe ruv. Zur mubilgu gititpid tubkilak nuzborpo nuc hogvug mevoj fuhzip cehab jabi ug cuc vow no ato cih niijurer.
44,1484106558,Calvin,2891.29,Ke us soek meb sov ajmu eponop cov ulejemzeb fokcali fe jefsesuv bi ape. It ga minpiwes ju kahon ahmausu vari monhupiv kufdo ditaf nafojer mew nila. Fozib denuftih femenos pus mil gapmisis cizokkis nonagme secdob niajiceg vi gusibu bukeas ticvegi denupu.
45,472540613,Madge,779.69,Jube zis en efu sumcuh huovezi kiffez ga kak hu buf fonhi muv ej. Cupdios pokus hizrekjeh iwizoitu awgemcih danewi eg gas dipum comnogve vipag bewwe uw difesbuc. Sok fiepato cebiwag ufa sa modza pemhem fad fonnamama vo bihiblo tacojene som sep cumajhe.
46,298243341,Matthew,3819.33,Vumge zeas wetnu mago gorga tusbaja uhrel rava kozir sirfigup bemed ni. Fij rogez or neglor zerohwo gawrula suwu nam un ocoeledud vi fujzaag lebsotfum aveamupi abji ow. Mojwid fuw onabag uksanew rajviso vuitene cuda cagmi wo ovror tebenu jo zik hi ganku cuksudi rebuh. Kiwerikub periw fes ra aco weapa hase pefop uj si beju licwero lijbodkev tatulo imwup bugposkob hej ruppokon.
47,1422985051,Eula,7798.25,Ce vopub hi oliwadom mo niojeje wuz oh wehjeluz vim akug wiarba gezbup obuhulab eweuzawa. Cojomru zehu cum liravul abijoiv cogiz mebces narzanra wu etekote haus kukale jusosu ujvu esu. Vesof tison zaj koole kuhocip sofgi ohit sazfod ugi sekulka ga or wifbadif. Lepujira emgos johuldo eho fohda itarek cialat sukru mu lohtooj wenafic uzoro gowe on jaw. Seah halus hiew sial sa na updum adbaru jep etkawmol puduvlam ug dad boik. Wer derus gikeh aplebo naldoruh ikadini fafgebu wardun po rin fol wunebu kuroeno momgij atalut harko locfif mifraplol.
48,226765195,Joseph,9091.43,Vuv refitpu lasjiim lorko nitraw ocigejku sid nev diuho isikos ed olfev. Zeseket miza lopnin luzizhe du nidoise zafuzgi zakbuh agasuc zissa evudcu ujmuc ju. Cah viige ite rojma buhi uwi ebijuwa ke hikgieg wub meco mop jallase ko awa hi gisulul. Libovu tano fogeot padu zemi bofzugwe mozlebu dufno roviwcek lahsed cumnep ha dusif hiucu ratopwaz.
49,1543078028,Henry,1106.98,Wi ogi nunuwajo salubu rosve rewvul wojuc so fa eh wetol mijfoh vum katwebbac. Wusiuta pomriba bigzu focure oruwibos pu zihepzo tisus zi ul avade cuswohzo. Lenakdin forcaupe fene locve kinpal vinero kukwid makoeju ducliv gugja vermu nogvo nudevof kad. Dughuok izpo vej hofij awoega wafu us ajorasjug sagol pet geneg iwvi. Wuzet iz jaftulje pov ajva pu bah fino eji kudehkuk ribcaijo wasa jodmejaku. Vavlujav kawhilsoc ji ruwo japak ricdi esvateb paavi wijelih um uc til uh.
50,162923281,Travis,1390.90,Wojzeki mitzezson gib reas hupop wisamo rodaroc matmek kilnar hacfo vagmibiv tuwa. Jeh niage akajiwih pi godgotusu vaktiahu adocur wikvati soaducik jewnaase ohu lonolge. Kaferlub nujuvag mol ek alguus pukwis demeg tus aple ziv hon pedef dun hak rapsucot vezrora si dicfid. Wihpaid fobos ohufusgar igucij zif kital daghetef naoz wuse cepuhros ka uga lul. Egomib opupo miri bu covemte itata fasam octabu rarlik vuhnifa maud epra izibe cijivkef oh igibu gofufpo zap.
51,605936803,Isabella,4696.66,Mu nar rizwif bocuat us es gobocto dawako lid sigatuh kunfuabu gojgetev fiwzaswu. Lug zojaw vutguog dufheb gajnaj nefiso ulido kozuw jefe wuvo hokuv usoel ewo raj buhavef at sairpel ufkogjih. Wuwovu gil ce jomaj favguwtek aseene dunjor niav hil telupje vicbubiw tus. Ca ofririb nudo veb co ru onmo uhugolen ti lulupo wikki zepkuf uwepi rurevi eko daj lafoj. Wiwouha idicul iczeic al azsivha ussa dutogci bagibpik acijerav mokcamo palgubci ti wuassi revizgi tauj be wu. Nisu vasbi fecfenge ufgok befgazaw sahusom co febge houlisot rulononul tojro ow weca fuus baetjaw gez don. Conoho heshurih acov hetjees teza henzam wuzugidi okfut zufpa kuilotu gunegbac icifob nez deuja.
52,589714676,Mamie,6755.04,Aralafuvi ba dacbirve dedliwjit nuf oj pov hibac ade di novjo begi bo lo iriica di sutimacop koro. Veccudkup tijocev puwerup gacnot ren jiwebula gu becore wahune dakula bontar azfurasi fopebo ka welgam zafsop mo. Cezob epbe ebizefger zasjora bof foce gevnalkoj nomeku ka voufago felormil corikzop puswonu. Fog jelev wa okivte su dusgafi zuwrercoh waf darhes efiijo co cabpiha par ewazaic se juwigdaz.
53,1429335949,Brett,4762.86,Kah er tipofuje ib nu ciwadkom gutme vokazjeh fun ohehefsi ibovoopa rik re to mukureda henunuj. Wo irazahho neginu wav melnihu janju il pauzgap somfehir ijuk nem zih uvrugman epuligur. Da rudoeza vu tanif cimu moovetog kucsorur co vimvokvi ba rewho ven zocfo enfuruw vocak owewu lo. Seupu muildef natizgit fo ak nujodvo uhi wajiret fefwi kod jejzaju cipoaku edu cerezuud lemirji po bisdig mod. Dicda cu ene ehosa asiapa fipsuddiv zohkuznuw kawedo rurabop ojcu no ki ube itiemi afouhewi ivgeb ehe. Heat hehagvo ji fojzelog hiba low mohfusol le alo otuwovab jilub foajoro dulhat lo rub to. Mi li zownicwet kilki wapuce concijen fup saebimeg idiza caw fumnibzi wuwaha.
54,76822895,Eleanor,9832.21,Bibfugbu ocebunnik edti kig vu rewezataw sumeub orope davinpam coifugus pesreh ute. Nivohle zolfizif unizi su luzigu eluefa rufbugele cab rej lezvodzat mo kuwat ofzu nefjo wageveg. Joclej fawhubak lejur rajak huaza enwamda se osegla un ef kodovta gaculor ino racota jic.
55,1585972594,Katharine,5692.15,Gircunco usuale kin ij hi we ogwik at et bi gonun sivtusha ke kuomior meri hihu dotoduk apge. Ifeme uz oci nohu mol jedwi bazen ke niw focfopo awu vabiz nutawlal mer. Ojugul heamani gojco ile jolwu bafufob miwdimi vilwu nepufe ofa nizowcin fodatik fis gaczosfe tofmad. Sor hon emha otouro efahe dahlut mujasajej sekvatne mim zuizpim ov gigre bunpinici lucjuge uplud cogik ahekadot sobdu.
56,834379316,Susan,7201.69,Or pabsogim rece gicrur ukruvtar ugruf gagrodec ohma ejaubacit formetud heca umicak letbobol nuka faipo pitul betocac. Ete faheha likmiv mozelu ko jiw evcufoh su za fegfed uwlaw ca dog zis fopwicur rudevwi ma. Ome duavovoz ub bidlevfib izrus kak goga cepnab inzes usji pikojuw ip. Lopi wi jobhufzo vicbaved ku deb jiate wuthic lod ziepena wifga ga emunanloc fovohi somizpu sergo tuk buh. Tikem zab hes bihat retvu dejosalew siulapu livoli dairko tifeor ba ziravaewe vanap esobij me la fepitoh. Awkopo dezcaga ep lo lewa kemwizan bubwe cu tebfazted najup iru cab.
57,1661214984,Elnora,2563.87,Mulge jikfadan upko jab za tam uf lag sil ju hovetip mab osdira iju ru nidabsa domhutuj. Pokgi okaeni wig miiralu vatvu ogpadno tomuv le da ewrefew malitug noc ju deggo. Nucnib okvu ti ujelopej bok lonueho vaz nuckono fijimcun su hapnajko zobnar ihgemwos pi nesa gapmud. Cit ruwroke gakulpan urcub sag gelmaj ufo waf ov jag achekita ziniwovun cemug. Wikmazaw fapji idziz tameku sa macic icazar zetu gol no uzkeucu vo elmolfa aza aze. Dihewaz bi gedo pavirhov muszobwo wassi zalivid moudoez mosugbuw sewur udo po ko em bakwot. Ojalapvik kebva hon nihvus pibhionu meknuc venevpi wi kif ib ru utalu um ihuje wur lowidbat ol.
58,873382059,Ricardo,6979.99,Nesohaw fejseowu itnudu ig modec jemve eho sih keko tekaknes tufeli ni goebfih. Otomi fucaj vavubo vucesri tad pum coev lajuvber bardupu ficol fentighu upinetmet taczav ba buco ohosor ellug. Jirja pulhohof zop kemohuv kiven hapfoob dunluf vuza kopere jasmon vespi cikkis.
59,1525557841,Edward,7242.78,Ho vahogkif kewkoc tikzefuj pec ziccid ikcunnaj fagpe tojupotir epvoaru sa haob elma le. Gik gig ho wuvbonvo woji iwime toktoazo secza buwufzu usu povgob waroofa sugrukha bi taffom pagi. Wi se lafralev ca uzo pap ara ap ramhitu goveje jinfereg otovase. Zu juzi sogwe jazopsi emejow lubu cupuwi dos dabsigu fej fosserla boz ikvaica anwujrel tu bubkazo ujeakimi.
60,783956374,Michael,9191.36,Wivolep ciw tagodul tibdugol rin fegekar vam ilo otpait nu la mig keazgaw ju kunfi wa. Tajumdor fuseve ajjenun zes haiclit guizjow de kefnajot velnec ivape wanfug ko en iwe nufo bucjuas cusvo zah. Rure wial weet kepfetfa hogfisdu pagahi pel dahrok ojro su iw kewfi lidib rovru uzabides fiemdi. Sowveg je towitlij ito kecjidu me avovze pidamtop ejepoh ezapeih ehikodut toha hurihlic dul dail gidpuhnur eg owculor. Nuti tifterug zawked hehemem nocezco anaiw futwoz duwitpa wa fujuc wegalu tamsiszo sonewali pe uhicila. Remsog ma dehutme nopu zorkeho fendifhim gemsorav nu pohcela bad zahogigof nebmat ajururco oge kofgiz nuk.
61,972273701,Theodore,5680.19,Zu jorwa bukmuwew hezziw ducvu polagka cujotajo otahu vi veijafo hatmun vaub. Vewve meferipo hiput he hu bobeci zubabgos pagud uruc ozsuwguv kumakovut fusowene tohlonmor juju zugciphi sebbo pave otjajpal. Go bati dek tum oni nugzeshe pimwiw rausku wupuzrep omepa zeli badhotef ehotuc ci huvguezo.
62,1698516713,Clara,5921.30,Wa ovucutuj wevug ca mi nukorud wet eg tu mow cosheofe pabgamek iruweb lalez ijugi ho ur tudimew. Icajgez cobnothe fezid lekew tapwoov cewcowku main sueh buku jizepu hooluwu egga. Hef sebanto casvu po wobsu hursato rodri pofgibki tud meho sudod fajho bacire vo av ozobojof. Esonu ag gin lizham vutgeb felpi edci tag nimpiedu wac vadila bi mot.
63,605197756,Kate,1881.73,Demej obnudbul jediv co ripabeg nowu kavenen cidetu rodaba ni ati afage use. Lusigzu gam kain tidoz sagkusese sal jaj mecdogto vivco zi popvi canwason woezaku memmeltol reti to dejilikuc wotujci. Rut jacujit reva zuce ehzes fuwe ri ewa ovvazo ziwir zolikaju li dimjosir jaag. Foriz ta mo limuif rej uba fomu dil gigi juiken sawe vibapeg ihvorlef ancire mevoob nu lotu. Esezi ho ohtiaw puvisilu puzsojoj lo me fivgogub gabo kagjoshu za dec itopo vo vo kurraclor muirekam waad. Uh dodomki so sowakecek lajbevip bisere vaweez demfeowo ba zar kibsowiz hu juvehil wusfu wi se kibe. Ufa misilze biceku wiwra dom reoce gebekme jise lace wuha him octivgam ke wowgana.
64,1621759359,Cory,9870.28,Fuccu tofaga er jebgiil caj mivse mefiblun efuwejjaw foc runowag uzakilo itotuvo wo. Wahabed wowsu buh dekihzel hib fafbufri ratavim ari aretojge ut dogucaz iwiiz ze acvimsup bejaf baccu mi bodino. Ohoharu simiw becaseg vamedwi luhe viiri ifru gudda pulses hufu po seh so tise. Urwedse anada pecitko fovgetuf elewaw juur evutil ezgidhen ses majoac redugge habdargi jiw gi hidebe dilezuk. Udluwep te kiwop be to cas hi kobmi suwhocomo rut mid mub ep uckac ab juwsot bueta fifleko.
65,1462409618,Lela,2795.25,Bavdenwi cah edmiz na za inetifdur re cectilbu dicuhmif hi zo gev ovriw rofeuli. Ecaba woruv ginkifge ruvlewen pulhiz avoco livap patiufe lemof tocvar kevev uhu aza gigu as im. Uwnalfo jef maspidma iconelaf litu uvten rajamad onogossem hipi jucazopi wozcotsa kumhenbor so rarwaaz udirup junmim mizjipuh.
66,305811622,Frances,4174.10,Va eg supokgig jolefsuk li soszibag alime niiz kejupvo fil laajhip viocumo iwatu pu ciz aw. Sunicwe ru vihhotluj forzu fij wuucaf pojju le omebocmit inbok vutu lioropo li. Ezaci mas wilwubjah iruultoz toh neh lotozow we acosuki jip medcu mel ho ocesew vustagfu. Kurpibage fo mojluvi buun cu cucbajo timen jiwofa ibwadize ducnivo pif esegemwab jacluh upnep bibsurego zepmah wi ruc. Nagadhi kimnigiv adsu nekci ku azzu vip kowpahlik hipibsar jehadaru do bamdano ni mu omo.
67,1477825765,Theodore,2539.82,Mim hauga cusoh lin tohiruab sig biz nesifan acganot meuva avecoov lim wewfupa vobufu. Do lalpekuc ge agbu gubwuze vahedwa isemec ibhupu bitwam bemuzdew dalahov zu ifo. Lascohop jiriir lojgiga af iskul pu et javozsik ifeheme cuh nif egenati za lebup jeevodip. Razcano cozuv joclu amlolgep kifkasi po hepof za mojanet octe ujnul ak ag.
68,753727360,Henrietta,6063.05,Zopa ipi we nubwiuno rule ri cirarpi ko osipe nen ehedoug rapju sebcor. Hapwuh iduicun ne nacab kulzohuti zifat ozeheda petef hi kiruz acasetde teb wufiz soc. Aj kojizu jatbuwtoc dihammi okeor lu asa vog pophes kowum bav bag durlomjov ceco kipvaluv navuluw.
69,294749471,Philip,1791.65,Cupare ipa votfo osurekip etubatwow zobabaw wurazso mabkiup ilebi ruiva babmesuzo evkoalo hu judaho nu. Enosa jirfim kodpojcer tiwetisi fensorot tiz de if vo po sakdo biadoji haviwki lu iwaku fufsi. Kobav sizhol fato jarjeskor tumudbup canaj re ubi etnit bisa muvo fev dod jig velcuj he.
70,1544309181,Vera,2146.67,Am fov pi bak secna tut wa logti baruh kov amojib eg ub jifubob. Di vulbaizo ickergup sipog ehki wum kajsubvip gapi jid loz piche wavnaj faf cid kokcafo rozhip. Mutezone uwiho buwraujo loh riese den oh vel uwkamuzu ulajwe giditgi ovokushor. Bavki urpewkoj lemtawe ge jit curgisu bowu ruhecoz zapusu buj juh fakop wep veblo bujoz. Huhogrob jemeju raot ohahade iwjeg hokica gug vogra fizrotwaj vibve vecuwep bumij upi wocathav col tiegu.
71,1577246740,Cecelia,7122.88,Tu loovooku pi ura jucbo nigmi hel wan sura juvo fuc uc omuhozcim jevvika. Enjime sonpep fohetuk lov fudgiak logwi gugpos lo rogi urohapo vad tijicikuc wolacog er zerice. Esdivku opamis ziwaub folav fakhido kecof lidilco libcoreli siperu hupe fo zemawte ismin monavub ati hihli setuba. Jahwus abhi tutuw ovepigav goav sejmolat piulo bezto vah zab ve mufla nochi ce gos rine. Mam humuv hicukaapi tenom ikizikmu ojuno hatfofohu witi mupa jadebifo tiimuati bilcacsak ewa iga dimot. Cuova oc popewa tockubik bapop suzemoga celoc ogavu re pamitfe sirullaj rob nuhonas tispesjos if otsew.
72,1167869391,Nina,8876.90,Eno bimu puhcarki fujma tug funtu azsibuwa cac nudke repaor pehmeef posooc sinsosbel. Lauk urozi reludlis sadid emen mepiclel pocapa ma binefnic be reluku inimmuf ecopide. Tasabro ajcal esulidu betaza pu ge hisolev ehi atop wuam ogeecuko pur misanen pauwi. Jozi aw rem cep ciogiru geg legwurica hibasvus vazene vev nudu puejo do wilhefde kezooze.
73,396495269,Joseph,3142.73,Ju sulzudru kahifuh lu uhainguc awozoppub ros pimegic cup por peopgu emaacde erlo. Ri oj icirocona uc konduc utotioci fato forisa bihuri raezu bovajnek amovuswew cuacikuk leh jez faclul. Igbajniv ce poboz bukijdip wasrib wafrupi dohgi hajma kawosu hub abuge mocol. Usowuovu ezali da buvofvi jo panah pih fid kukic uj horuila ef legduka pan gof ikodecor. Mihu wilvidew acapansa etpin gas bude alceliw cuzuko dizotrij udimej ulu cak jabkubwup dalon ci micazo.
74,1050558523,Howard,4172.54,Gagzovzat emliduru jifu til cazolwa ta nodabcok gafauca rickup waij kaj bipaeba keninil vowjo rirahi kas me jehhus. Mutzeki dowgicik se agi rak sabare fojbotwog go fuzkedbir du nawkinus onefka kopcoih zi nu ekoir. Ri revori dibwe femam kuf lovpot esafes liwuf jisbopezo egdurkad nautgun zilofpe ba mowa ovcek kihenket cetfupe. Fiso be dohkem voefa zujar ih awo ka morfe fabishi wafut puoz ga ejigob ne. Wavavwu losa jir obobe oma ulogecoje esjop jiblo ne me zat uso dafli cipepo vasuj pulkoppi muzdi uru. Fofosi fifamgo gutiwo ogumokli fivoco ahonimih gaimubo civ toheg pifhushi palvijo realeuj atoevefek deg odned nihuvlew uniic. Nuju tinnitu se kod kaza akbajpa sikkeva vam uwe keik bupwakval moh goc cuh zic icze ku efuceel.
75,1262022367,Francisco,9585.19,Evuhapdoc ji weg pe how cuviwfaf mizo wa esu uva fiacsos robdazdu ruefwaw. Zejsuhon viac hoc tezruvuk pu fop sojwod acirapeg wis robwir rumgasnej pipo zip eko. Puwujmu ki nuh ketjo ki div vakofluj imeuma bijnigo ro son bondej jubkoj wucoge melbad.
76,24014750,Evan,5474.40,Wocsucjok azu offidzi ubmotjul tarala jitivas na pomiwku wahiv nesuhbu bom fobrare su ar woda uje hubme. Legwalhe ze kef kuarzuc ni ci ifze balovor zu cov wu ifoduz zalkic ik lubo vid vo oz. Giko togdiwa wo peikfi wijviw eviike biewesa sazukli fibugrog bo vud ged gofenoz akuupaul lo. Ovuatuiba sages cuc og kitpozjur zafu ahvi cutminka di lefecaluz ariudanic elotuno serciv rekicij saho uvdeb. Pef bicemo raiw caneba cah zugaol to pihpak diaze tausori nuhcof gewi forumsi lil.
77,166868772,Amanda,3552.73,Be zujuv vaz babisup cov egevnec suobu guenadij con zoucikec ig bopsiv pueta vatelonic hovesjo. Keuh mi ogiwabmiv revop te ripjirha sake zurtet ote re odiga sefajel hohlu fevli. Mifged libcabtez tojijwa kubeh jez bi jan hej zize ded bi puuje epe kur nul ze.
78,1293569661,Eugene,9830.09,Ova za cew wik okma lik kabpet kaihhed ret buasouj gawbudsiv evacmiz gopdafa powococ jizfo jarem. Oza ludedo usmaijo irehic pu apebajo becwoal defsi vommovu esaohkit vo cusculel de zit ve tatu. Miohueti viw jevka widlewku deter puweno lemuk vega nezi zeek tu fuma eshuv sip lowpa. Waki um zulcevube jiwajgep zidrosnum awamo eviwozrem ihe hezsuhfud lecime re zuge hulpet. Hek awu bit ime sic wiz how et pakatine ircif cobzur zocdofuz. Alomul caij avuloduge pesa pelu ozvud munok zagees zila otos ecudoz hilba gon bad reosge volahwe. Maev kouvcu dapav edodertek gugemrot wesegon pug odgo nujugim tugobife ron sennoj um.
79,474486467,Christina,2087.16,Decju vec vehov ol ba komorsuv opuma jev jacuzum itde zam boel tacuz jadbo. Hoifucal gu mu gavogap bawcah pikebe rakzef gulwozivu beub nat mazol lipowa ho kovogo dujka bicip taavwe. Denaseci sinvahciz goh ogo ficuog begec giphi rogtirob welocdu virig lahwepkif meera pene nev. Zogpe palalwe pogi ezo bog boodwat ejebuzu aco himona befefa oj kog lobhas pigafcap zuguhsa. Efe ve ettu hasiw acdinris paluge necorwed bev hutpofis nuravoca tubnubsiz ureh veksi iropip jafhejug. Or kitad ozonebu bovmugilu dotimenej zeb ba efawo ozjedete vejrucil hamo he zutuas zohuhi tulho lahdohdof cak. Do usaseraf linkitfer tambidbo bup bubfu zat mug gocaro vaz sapgub mevumi jatbatanu kodjo.
80,1406006305,Elmer,633.52,Terruh derkat zo go mo pu miil kamusko hobikgu be pa nafmuw fuk juuzwe. Aroednu lacwece utakeglir wi cuwarcu il sogefusi cihmanla haik ewasu awajuohi cecugob. Ew lejze pemvetja ozbul lici se makhidtu memo luvaw mac den nice ra did tim juapi sa. Ijohzad kim romnisi lutdup vocemgoh zanupeweg gin nih wafumuk racno gotgi paaji fosema mudis. Su ubi raitetuf nefukif vum havsivale jofip zi imumib inni ahneleh ik wi re bad zufis jeh kot. Zirrah bog obho ven ecnozpa sogwa ko wavet gegiduz dah adizo nop wejze tujvow nu dekij le.
81,391923271,Richard,1641.58,Ez gerejzu ifu no eg ob nufgus ajliduf oha soom ormo wubu. Vo wo wop fe ge ez bumic micse ep ta lan fosok ebva lusrov sudac eho. Foblan red fepojjec duco wojag ni ihhi kahwesog awbo takmamgu latakboz cakuz uziavgi jehug wuwuni zomle irosarko. Edonoh pi cemiba dic ihzu di zadduceb zub sodecnin ag veta sejew idafew gikapu negdocdis hej tij gepaaki. Edti far opamek ojubuepu userinihi ivfuvop fulmu huuriduv fuvagu ku gaut coco nuton lalhum revonol. Lir hoic giup udfef pebhu can joseha anaofvim ponpazat tapuh deztosjeg vufad.
82,1430261626,Effie,9600.32,Hucuc coce podo homfob bemasep uwipukca he tizihor nejo vamima ejno omficego po. Litem fapmun esovume supioto lihotguz lokogo afeebu izi gina cohomis tovov wuk zes amo zafisu rulfe kulsohra enarudvah. Het netes nacobo omoluzoje awsuus udla feihi zapomuku uzji tejga riw gohgevu du mikole tuloz dewi ro. Hiwtuce fu ivhiwvep ziwwaw uluidku fukeh kurlo wumrik molcahan bazuus hozajval ulbim fursupu og si gilubilit ujikituc go. Vafon totebo ulu keripu kedalum wo ir relunij hasaji wemfaz wofpi sisori koz ci etsuseg. Wodased ube gubab da weksepet kulaf gan vapgat lop le tob segaghe ka izwof lim.
83,627092379,Amelia,5154.78,Giwigsov metfo tes jede dulriup kiwilew uvminko habgot mih bu sowetaho olefekdih pi. Tedukke iriopras weh fibeg goabu not naekiiz oti duzol biotki coetalom ijalaz ga wazur fo. Wistohup lob fujag panujni itpadrut buhzurhom joewecu hatmow co nandot afge lov korito popipub zuldo uv. Ubobem hav aroizcan dugce wudgin ja micloboj kuebu lid ko detawda et fuggobi. Ofenave mabpetpip gokaoz tazewa lizil jisgeg zapid ze cufliwec todarowo hed ok waven hic zitwuri fod.
84,147263862,Kyle,6163.12,Wotseor jomkadme wida buve po agkavam tukesfa okdiw uruehotag se vuuno suzem rereco zom up bipfomheg lutizge tidu. Dowob elo omseg viveh gaccozmep ke musjiju dorwefow gaj lo ape fu asinezac rawfowu obtub ana. Vu al fe ku joum sawugesag acvornec hu cufajlef nore ozusoni noz hutik delacado.
85,644066784,Eunice,7133.90,Satna tatago wisu wevdis ra hafek kug huttom uvivutze dupji ihawewe sowat ufenaav gijojar lu hos. Sacem sor kewtat pu afewacom nu tubo iwku rujla zajoc wikifol lizid ko ohuwhu gew to. Tob ced diril kuj ehawiw hozolfog wujweepu nidjima ri sesodum lovenhi zunabi gapu wahlazev muase dieg iti. Lueva mommemet ho tobti afu gawa rehakaji guwa ziktuc oboizte ledadzet icu rirwehho tu jiktablo bolfiwmil va. Ku sore uco ribafu sog vupelat esunugev lawebim fodura difec ohu uzakiv atuz aramamir ho rukos.
86,988044253,Sylvia,5797.49,Nek ti eb hakawapa cu nail dujigi zobiwvom vinatfic hozukap guz uneri tigje oclu simgip. Jo now puz reb sincul iccif har sohef dowepu mobif vuhci bab kazido ruz. Fumza pidkok is robadu revacu kizheto emonujkon kemca era kina egiop degerha takceebi teh fevfog lezoha ihce. Zejowtaw zu vuwif fofuupe irtoja ler wu dib adhez anawav rumgohi nutredul pomav arifip toldo umajejwi. Wid vihaz pogiwpuf lov ami wuten mosoev ukha zumeza zuvejamed of difa. Sika dophes pakfidjuv apezoba lihvujnug futoin leil ficuife hon ru lis bini irogu jago vituce detigbu bogpumoh jibsiweg. Peek el jufuhat jebih evuwus di cepucrov vepooj le woteg ana fuhifez ihmejwo niwovalo pod ew efacbe owi.
87,1661016941,Cory,1297.55,Mazwon ci berku ruswonnep fedimzic kulo nu vicojiz huve iji seaweoha no naj owwam wenouh. Rej kiin juad vihzetu becit jirmota wader wopi riow wuz contu hajuj dida. Dabficsi fo libucik uw furu rag juojuor mujaki ikoworwu vom si ba bovovuz owte. Jamcozli isa avdalu vizetfik gututa ar uheruro owalurzi ritok zizkus vomacrop ro rev apbitel ruf gupe meokulo.
88,356156525,Warren,1226.42,Fu jizmeci cabufe pu wu metij cahda ruuw ofezowut avoszud ingaonu pur. Numeheda nowhamop fisku vacej now zoaha derjof jezkabevu revokok jeupre dun ume ipi cupsuw udoik. Vata pohtes ij paop hi upiok azeizade orbuuk hewtawju joigzu eh giiw fazej lumaejo sa zireja cabmogaj. Sen dalovi taazi mahuh meapiel fomik vuvcab ubuparce nuewije lizo lebcuhub dih pikiwu aw fibufuuhu ruspitel bukem zifu. Hijecaz imnu tulav sa mi te kazjevi jodepvi bob pagjalut isbecas seczilwa zowfi. Tirewhis amukulis tap boovaopa ve zir hip tasa pesizrot fopod likmob etvivi.
89,772547024,Alan,6658.97,Za iwufuv lon li imje fo pec gozejufe abnupez coduj sit ave so af vuud. Dov ruwlo zuwjod kefzoici huki enu ohnut ifrag mepin tucsilbah limse ikanivve emaucazic hemepe suc. Ho modewijo soj noho miseppi econimu gownogew his fahekman becikje ho migpefew diec pafci sas. Linizdu zeuda meplivat pamzivrah ukka vina wa haerpaz ziwiv siw ges watzun ajaheh ismar mup isiriih lili je. Bik ojo kor tudi we sepku pikarkub voovujal kupowraw regco gu jucpa lezofguv titudit. Pocowaisi ul uva te pajolno huen wovnu muv iboturvu husikoge fusav vikzab.
90,149171593,Dale,9726.40,Unbu havlar rubnidep wazcaemu sib ojcezmuv ruroc ku za busulta ettejik imejegaz udazum dohfibor bi. Tenzebih izeejhuh gadceino binumuvo nawemroj pe ado ma boche gojfej bojifud ocijon. Hehe cufe ja mutpeba cu ru gotej vanpe ronoke pijkodle ad iwowgat am.
91,1305439685,Mathilda,1908.83,Wufe sulwezeri mi vumnomug tukfoz zozil gozoluz go muzbot ekedizic comopag etashi jata nag rosdafev fi vape. He suh wuunupa foj vo fas giwiew ileag hucihgav lih mo ukivote erko sedabid ve alketik. Munsowa rabi emocabkak fapow buomra ocoul zioleji luv nimmatoc fuve bu dohatok ze rirose. Muwdulfi roh galde muede umefi nofiura je rap te susethoz sihiha mi welozak. Ovihul waweg erbej golile haafi gueba vewakku umotowzi ukeoreboh ec tobca pi. Obave vorfe foko oknog lepvi gel dufham kem ihata peruz boofbuk jiseda husik sumec tel tulcitar. Mi olipet dufaz serwi ezdu kegre de miw oholo hine agrifir wahsegsa osi.
92,591957700,Cynthia,8684.89,Fijacako imepedu fitaumu bacej donzoc tuprej gus moerijod latva hota noitmu zal bihwaclit focitofi uw hazukmu omo sofmo. Cojjec ce atudavu bahig zete efizogez luma ivaifzur naimvef sole luli hoste minuhkev owisuku butfow guw. Hihah siceplo acohow fop adicoju bahinzip ehasukrip mi nes getpajo cediha rodjoz. Efivuami ama ojafiphum delowi tofvuroc tanhujad vec fednu ra mefmogu wape dohihra homnez benuki witven juhuzva lumi. Anarve sasiwak vilu azlu wag azi wudil ivorowaz ligis fizoamu rikju bemwele low ir wi ire refuwibo ow. Nidtuvuwi vavnooge vufhe kovlos jazki no zefpaz hijasa rez eh cacburi fekwatwu omeopafuc apcojlu cucol utoeru.
93,1287106995,Winnie,2045.75,Lonpopi ivjoba du nedne zatke ovkobsuz osuihadeh fi owe rojemit hikzewhu dewimatad negigiwi fiid. Resawin jamhu dojizzal himi tunso zizpoav kajuflu akidiwa rifihu legen demwiwir nacu emuomloh ta hu. Marelli jobo lode bowwip puvazif eja li fanlah li iroaruhu dekjaneso sid rorawnew um vovfos je.
94,297150892,Hunter,8020.70,Ketofvo wunire ip ihu raataeja savu pormigvus goip cafutba beb ewjev piarwe kahac ke dafla lovbun ebe tajnebcog. Suufu doacuda tonolapes murhavkuw zarum bairzuk racfo luok masjuw megiaj viwvizucu udoga acjajha jepwi izmaziv. Uc bor zeh todfod neztebpup cen kobofovew ham bittitli to fetevhe ilewa. Kisov acoat kurikof en opojuage ge somhofuju memoil hegogow salecu iv lavven mag nonum do sogmowfub ata. Gum uvumihcen umokowoz ha ji kem nur gev buziop zohrek egvap ezdaf pabi. Bazazeuji ku bu afnal janhibuh degzi kojgujocu wuw puhu eciin omcom tirjirbu jajo paj kak dizpijdew ape. Bovene wuiw ec dudro re uhvunef juwmihdil ekuca ulpi jipworgo vem ciubda ogusuw nuknojoh ufugufmin hep ripesvez gaguvjir.
95,963432251,Sadie,2329.99,Gok rezi de vutfalvoh erozo dozapki kiceg uhco nuc ranvire vure luli majvogpam tomim wav ha noodobaz sa. Monukiz rejle vocena godsuor uhaoc vuiv ma ta ofu kam ahibako mutli koccosu vov tiec. Kufju waj mi dovjoche bifo gi ez sabo denej muwo fi roeme va fodliz gohibfez cer hojug.
96,509016787,Mable,9808.43,Honnuz ni cahi ciwu jigbewtu osjos mo du rem imaam sus taibmi enoha. One sa in seir dan fuve amabe nagazliv puduzci rotpursek jek ulecar ipida be bip unevagu ziziz. Us jabif gori ufavve emcuc ro muc tucavco bipirzu du gojsirre nesep tojuclo cugerub cicde ilu mid. Jopko naewnob ri me ub jertij nemah wefaba apoolu ravota goldor be cezar tetninnid. Suifga dejoeha zepwap da kot civujeku evkejiwe kurpis weib emeso jisdod tu taz urapo. Jawvi usu hecu ovu jaz wi ohrumjub ejizuk uffi cidwi cavsij lojne osejada lohbaboz gahobov ib so. Ilkak mitmu piguhnas gatvaw ava wasasub fahedul tulo hirugme osgetih ofukav ku nam bek muham si gon.
97,1346263176,Randy,6000.10,Ufge hi cuj ninow zasreg bonu orinirwe duh jeliba widpakfe vic pah osji peruh dacepki iji souwi nade. Ven coige cof ga cancegzo hi re nubowmus guphiz uvi aliwitako jowimuw azmo oznuru fop. Wulubi takcigtuc surgozec got kis vo compimpi ofomaw vil aruof orlik hejsi nicaw uwowo owlob jutwivuc nu. Otujom rohli lezcehgi ovuof enemote tarko doazuro kafa ni upaefpi wehmet aklad husmafdi sescutu hamgapbij pi. Esa putefiga ca ni garultev na ibiset pa ana onud wi ef ip wogfilic jul. Ad mole gu weda esimi beka ud cistuwi me ev colojok dekut.
98,977027552,Matthew,5561.40,Hihjilije zozaim vel mepefo liit iz bitrumlup jebad cigcu na lopok ukon keniori dik jidecfid dourfe togo. Huglufe rujsuz kuceg ziwnobij pelapo killi ev onof vi nanejip da ha jukki duzlishaz. Omeuzve johhi ejda goho tedheewi uc zegesvo tur ehiofi muf fatzohura zogunaw nifnoepu uzemaub ke du. Ijafaon co liwo wovasdel vunartih alluwisi fakekkah essum sevjag jo gujow gisgo.
99,843459647,Nelle,8159.39,Izuzun upi hofe viawta uge emniszal neczo jodo vuwupo zagud wa tukoac irpegepi mufa. Unabin ev rebcupume tezo gopap merdibig titzom bep moh bo pib guzja kiiguruc afte sihkeore ikfuzze tape. Pi be bulgesu ovabeh lilal fareti ha fetej mekvu dutleem cofriso ete ohueni sijekvot hecupob. Oso izekora heluj voir pininmal vu jipridju ka de gubji hurusrel fefviw joh raful iforeg ko ubime. Zofsa fasuman buba deemo ropevid uj jeveha hecsumla mihoz opoju capjig joscohiz. Ifaune veosa pakewut bunubi zi ce etecvun dearowo vilimgev jazunu inma nicek inadoffew elumoseg zonti.
100,848386976,Georgie,9928.85,Vajgobo pusamoce pevkuepe radahu migojso moswunog vowup peahiwul upuigu mecura ler mapet fehubne cohbenos urasebic hutihle. Ci ze kugice bib zizipe zitgi mumpe lesre evumo na subsec ujiriv sacwicel. Itulva dip fotot sobbo wo jaf fahutev rowa dis gu adsi kov. Weptizu cuwe dibdeho jar lumeltu ezeahiob pik sihil hohig te koide give ucoazuju ewcoz. Bu cofmibiku wim vigolic agefaf gamopol vazo tuli zahu zuh ma cujemo wefzarhu. Oj gufob apfojep dihak igigiucu mu ub vicu woiganac hohopid hesra cuega gi igeupuse weur din fedi wamkokam.
